Paint Roller,6.99
Paintbrush,4.99
Drop Cloth,9.99
Paint Tray,3.99
Painters Tape,2.99
Paint Thinner,7.99
Wall Putty,5.99
Sanding Block,4.49
Spray Paint,8.99
Work Gloves,9.99
Safety Glasses,5.99
Earplugs,2.49
Dust Mask,3.99
Tool Belt,14.99
Hammer,9.99
Screwdriver Set,12.99
Pliers,7.99
Wrench Set,14.99
Tape Measure,6.49
Utility Knife,5.49
Power Drill,39.99
Screws,2.99
Nails,1.99
Anchors,3.99
Bolts,4.99
Washers,1.49
Nut and Bolt Set,6.99
Picture Hangers,2.49
Door Knob,8.99
Door Hinges,4.99
Cabinet Handles,3.99
Light Bulbs,3.49
Extension Cord,7.99
Outlet Tester,4.49
Junction Box,5.99
Wire Cutters,6.49
Wire Strippers,7.99
Electrical Tape,1.99
Dimmer Switch,12.99
Ceiling Fan,69.99
Wallpaper,29.99
Wall Decals,14.99
Curtain Rod,9.99
Blinds,24.99
Curtains,19.99
Shower Curtain,12.99
Bathroom Faucet,49.99
Toilet Seat,24.99
Shower Head,19.99
Bath Towels,9.99
Toilet Paper Holder,8.99
Toilet Paper,5.99
Bathroom Mirror,39.99
Shower Curtain Rod,12.99
Bath Mat,7.99
Medicine Cabinet,59.99
Vanity Light Fixture,39.99
Kitchen Faucet,69.99
Sink,89.99
Cabinet Paint,29.99
Cabinet Hardware,3.99
Kitchen Tiles,2.99
Backsplash,14.99
Kitchen Island,129.99
Range Hood,149.99
Countertop,199.99
Dish Rack,19.99
Pots and Pans,39.99
Cutting Board,9.99
Kitchen Utensil Set,12.99
Food Storage Containers,14.99
Cooking Utensils,7.99
Garden Shovel,12.99
Garden Rake,9.99
Garden Gloves,6.99
Garden Hose,19.99
Sprinkler,14.99
Pruning Shears,8.99
Plant Pots,4.99
Plant Fertilizer,6.99
Grass Seed,9.99
Hedge Trimmer,39.99
Grill,199.99
Patio Furniture,249.99
Outdoor Umbrella,39.99
Grill Cover,19.99
Charcoal,9.99
Propane Tank,29.99
Garden Bench,89.99
Lawn Mower,149.99
Weed Wacker,79.99
Garage Storage Shelves,79.99
Plastic Bins,12.99
Toolbox,19.99
Shelving Unit,34.99
Storage Hooks,3.99
Closet Organizer,49.99
Laundry Hamper,14.99
Ironing Board,24.99
Washing Machine,399.99